labelid, shortcode, name
1, Acrop, Acropora
2, Favia, Favia
3, Fav, Favites
4, Monti, Montipora
5, Pavon, Pavona
6, Plat, Platygyra
7, Pocill, Pocillopora
8, Porit, Porites
9, HC_other, Other scleractinians
10, Mille, Millepora
11, Sponge, Sponges
12, Soft, Soft Coral
13, CCA, CCA
14, Turf, Turf
15, Macro, Macroalgae
16, Sand, Sand
17, Bare-Subst, Bare Substrate
18, Trans, Transect hardware
19, Unc, Unclear
20, Other, All other
